[{"footer-area-1":["custom_html-2"],"footer-area-2":["custom_html-3"],"footer-area-3":["custom_html-4"]},{"custom_html":{"2":{"title":"","content":"[image src=\"https:\/\/themes.muffingroup.com\/be\/coaching2\/wp-content\/uploads\/2018\/12\/coaching2.png\"]\r\n[divider height=\"20\"]\r\n<p style=\"padding-right: 10%;\">Lorem ipsum dolor sit amet enim. Etiam ullamcorper. Suspendisse pellentesque dui, non felis. Maecenas malesuada elit lectus felis, malesuada ultricies. Curabitur et ligula.<\/p>\r\n[divider height=\"10\"]\r\n<p style=\"font-size: 30px;\">\r\n<a href=\"#\" style=\"color: #00a8ff;\"><i class=\"icon-twitter-circled\"><\/i><\/a>\r\n<a href=\"#\" style=\"color: #3c4b84;\"><i class=\"icon-facebook-circled\"><\/i><\/a>\r\n<\/p>"},"3":{"title":"Any questions?","content":"[divider height=\"20\"]\r\n[google_font font=\"Poppins\" size=\"25\" weight=\"400\" italic=\"0\" letter_spacing=\"\" color=\"#000\" subset=\"\" inline=\"\"]+61(0) 383 766 284[\/google_font]\r\n<p class=\"big\"><a href=\"#\">noreply@envato.com<\/a><\/p>\r\n[divider height=\"10\"]\r\n[button title=\"Get in touch\" link=\"#\" align=\"\" icon=\"icon-right-open\" icon_position=\"right\" color=\"theme\" font_color=\"#fff\" size=\"2\" full_width=\"\" class=\"\" download=\"\" rel=\"\" onclick=\"\"]"},"4":{"title":"Contact us","content":"[divider height=\"15\"]\r\n<p>\r\nLevel 13, 2 Elizabeth St,<br \/>\r\nMelbourne, Victoria 3000,<br \/>\r\nAustralia\r\n<\/p>\r\n[divider height=\"5\"]\r\n[button title=\"Buy now\" link=\"https:\/\/1.envato.market\/c\/1289117\/275988\/4415?u=https%3A%2F%2Fthemeforest.net%2Fitem%2Fbetheme-responsive-multipurpose-wordpress-theme%2F7758048%3Fref%3Dmuffingroup\" align=\"\" icon=\"icon-right-open\" icon_position=\"right\" color=\"\" font_color=\"#fff\" size=\"2\" full_width=\"\" class=\"\" download=\"\" rel=\"\" onclick=\"\"]"},"_multiwidget":1}}]